{
    "workday": {
        "weights": {
            "historical": 0.5,
            "genre": 0.223,
            "premiere": 0.178,
            "external": 0.1
        },
        "accuracy": [
            0.810762331838565,
            0.8233151183970856,
            0.9788519637462235,
            0.9647779479326187,
            0.9535603715170279,
            0.9453978159126365,
            0.9387755102040817,
            0.9320695102685624,
            0.9218500797448166,
            0.017595307917888547,
            0.017595307917888547,
            0.017595307917888547,
            0.017595307917888547,
            0.017595307917888547,
            0.017595307917888547,
            0.017595307917888547,
            0.017595307917888547,
            0.017595307917888547,
            0.017595307917888547,
            0.017595307917888547,
            0.017595307917888547,
            0.017595307917888547,
            0.017595307917888547,
            0.017595307917888547,
            0.017595307917888547,
            0.8512628624883068,
            0.7832219747587231,
            0,
            0.9887640449438202,
            0.8662838392124692
        ],
        "samples": 31
    },
    "weekend": {
        "weights": {
            "historical": 0.5,
            "genre": 0.223,
            "premiere": 0.178,
            "external": 0.1
        },
        "accuracy": [
            0.6386740331491713,
            0.9466455361859483,
            0.9619651347068146,
            0.647982062780269,
            0.6893261776982706,
            0.9887133182844243,
            0.9723476297968398,
            0.09916492693110646,
            0.09916492693110646,
            0.12943632567849683,
            0.12943632567849683,
            0.7933194154488518,
            0.7933194154488518,
            0.7933194154488518,
            0.5638253638253639,
            0.7139917695473251,
            0.968311271560369,
            0.8849955076370171,
            0.8932865731462926,
            0.6514435695538058,
            0.9027848101265823,
            0.8055077452667814,
            0.8086393088552916,
            0.8086393088552916,
            0.892962743938498
        ],
        "samples": 25
    },
    "tuesday": {
        "weights": {
            "historical": 0.43,
            "genre": 0.25,
            "premiere": 0.2,
            "external": 0.12
        },
        "accuracy": [
            0.8948148148148148,
            0.8948148148148148,
            0.3655536028119508,
            0.3655536028119508,
            0.3655536028119508,
            0.3655536028119508,
            0.3655536028119508,
            0.3655536028119508,
            0.8640454760776883
        ],
        "samples": 9
    }
}